titles,category
65467  일반 세계에서 가장 작은 마우스  1 ,Normal
레이저 4k 동글 언제 나와 ,Normal
콩슈라 3주째 사용 후기,Normal
기간투스v2가 의외로 발군임,Normal
펄좆 x2 x2미니 둘 다 있는 사람 있음 ,Normal
RAZER Cobra,News
CORSAIR NIGHTSABRE Wireless,News
RGP0145,News
ASUS TUF Gaming M3 Gen II,News
THUNDEROBOT   ML7  3395  4K  65G  출시 예정,News
아컨2 사쿠라 블루 옴  예쁜 듯 ,Review
월요일에 왔던 잠자리 VGN dragonfly f1 moba  까서 써봄,Review
masan피트 반년동안 diy하고 나서 후기,Review
레이저 래피드 트리거 발로란트에서 써봄,Review
젝투스 토시 개같이 실패  멸치 이슈 ,Review
로지텍 마우스 쓰는애들 스위치교체 꼭하는거 추천,Tip
 무게  지무선  지유선  G304  G402  건전지 등,Tip
마우스  기계식 키보드 마이너 갤러리 이용 꿀팁,Tip
G304 코인배터리 작업을 위한 준비물,Tip
다른얘기지만 FPS 사플 개꿀팁  가상 7 1채널관련 ,Tip
로지텍 G903 스위치 교체,Mod
로지텍 지프로 유선 더블클릭 고장 수리,Mod
FK1  G304   61g,Mod
FK1 무선 제작중,Mod
 스압  커스텀쉘 무선마우스 완성함,Mod
